"Kernel Name","y_autotune_probe",
"Address","Source","stall_long_sb","stall_math","stall_wait"
"0x1000529b400","      IMAD.MOV.U32 R1, RZ, RZ, c[0x0][0x28]","0","0","0"
"0x1000529b410","      IMAD.MOV.U32 R0, RZ, RZ, c[0x0][0xc]","0","0","0"
"0x1000529b420","      S2UR UR4, SR_CTAID.X","0","0","0"
"0x1000529b430","      ULDC UR6, c[0x0][0xc]","0","0","0"
"0x1000529b440","      IMAD.MOV.U32 R7, RZ, RZ, -0x8","0","0","0"
"0x1000529b450","      I2F.U32.RP R11, 0x4","0","0","0"
"0x1000529b460","      IMAD.SHL.U32 R0, R0, 0x8, RZ","0","0","0"
"0x1000529b470","      S2R R182, SR_TID.X","0","0","0"
"0x1000529b480","      IMAD.MOV.U32 R214, RZ, RZ, RZ","0","0","0"
"0x1000529b490","      CS2R R20, SRZ","0","0","0"
"0x1000529b4a0","      S2UR UR5, SR_CTAID.Y","0","0","0"
"0x1000529b4b0","      IMAD.MOV R5, RZ, RZ, -R0","0","0","0"
"0x1000529b4c0","      CS2R R22, SRZ","0","0","0"
"0x1000529b4d0","      I2F.U32.RP R4, R0","0","0","0"
"0x1000529b4e0","      CS2R R24, SRZ","0","0","0"
"0x1000529b4f0","      CS2R R26, SRZ","0","0","0"
"0x1000529b500","      CS2R R28, SRZ","0","3","0"
"0x1000529b510","      CS2R R30, SRZ","0","1","0"
"0x1000529b520","      CS2R R32, SRZ","0","1","0"
"0x1000529b530","      CS2R R34, SRZ","0","0","0"
"0x1000529b540","      CS2R R36, SRZ","0","0","0"
"0x1000529b550","      I2F.U32.RP R12, 0x10","0","0","0"
"0x1000529b560","      CS2R R38, SRZ","0","0","0"
"0x1000529b570","      CS2R R40, SRZ","0","0","0"
"0x1000529b580","      CS2R R42, SRZ","0","0","0"
"0x1000529b590","      CS2R R44, SRZ","0","2","0"
"0x1000529b5a0","      CS2R R46, SRZ","0","1","0"
"0x1000529b5b0","      CS2R R48, SRZ","0","0","0"
"0x1000529b5c0","      CS2R R50, SRZ","0","0","0"
"0x1000529b5d0","      MUFU.RCP R4, R4","0","0","0"
"0x1000529b5e0","      CS2R R52, SRZ","0","0","0"
"0x1000529b5f0","      IADD3 R14, R182, 0x180, RZ","0","0","0"
"0x1000529b600","      CS2R R54, SRZ","0","1","0"
"0x1000529b610","      CS2R R56, SRZ","0","0","0"
"0x1000529b620","      UIMAD UR4, UR5, UR6, UR4","0","0","0"
"0x1000529b630","      CS2R R58, SRZ","0","0","0"
"0x1000529b640","      CS2R R60, SRZ","0","1","0"
"0x1000529b650","      MUFU.RCP R11, R11","0","0","0"
"0x1000529b660","      CS2R R62, SRZ","0","0","0"
"0x1000529b670","      CS2R R64, SRZ","0","0","0"
"0x1000529b680","      CS2R R66, SRZ","0","1","0"
"0x1000529b690","      CS2R R68, SRZ","0","1","0"
"0x1000529b6a0","      CS2R R70, SRZ","0","0","0"
"0x1000529b6b0","      CS2R R72, SRZ","0","1","0"
"0x1000529b6c0","      CS2R R74, SRZ","0","0","0"
"0x1000529b6d0","      IADD3 R2, R4, 0xffffffe, RZ","0","1","0"
"0x1000529b6e0","      MUFU.RCP R12, R12","0","0","0"
"0x1000529b6f0","      LOP3.LUT R4, RZ, R0, RZ, 0x33, !PT","0","0","0"
"0x1000529b700","      CS2R R76, SRZ","0","0","0"
"0x1000529b710","      CS2R R78, SRZ","0","0","0"
"0x1000529b720","      CS2R R80, SRZ","0","1","0"
"0x1000529b730","      CS2R R82, SRZ","0","0","0"
"0x1000529b740","      CS2R R84, SRZ","0","1","0"
"0x1000529b750","      CS2R R86, SRZ","0","1","0"
"0x1000529b760","      F2I.FTZ.U32.TRUNC.NTZ R3, R2","0","0","0"
"0x1000529b770","      CS2R R88, SRZ","0","0","0"
"0x1000529b780","      CS2R R90, SRZ","0","1","0"
"0x1000529b790","      CS2R R92, SRZ","0","0","0"
"0x1000529b7a0","      CS2R R94, SRZ","0","0","0"
"0x1000529b7b0","      CS2R R96, SRZ","0","0","0"
"0x1000529b7c0","      CS2R R98, SRZ","0","0","0"
"0x1000529b7d0","      CS2R R100, SRZ","0","1","0"
"0x1000529b7e0","      I2F.U32.RP R10, 0x2","0","0","0"
"0x1000529b7f0","      IMAD.MOV.U32 R2, RZ, RZ, RZ","0","0","0"
"0x1000529b800","      CS2R R102, SRZ","0","1","0"
"0x1000529b810","      CS2R R104, SRZ","0","0","0"
"0x1000529b820","      CS2R R106, SRZ","0","2","0"
"0x1000529b830","      CS2R R108, SRZ","0","0","0"
"0x1000529b840","      CS2R R110, SRZ","0","0","0"
"0x1000529b850","      CS2R R112, SRZ","0","1","0"
"0x1000529b860","      IMAD R5, R5, R3, RZ","0","0","0"
"0x1000529b870","      CS2R R114, SRZ","0","0","0"
"0x1000529b880","      CS2R R116, SRZ","0","0","0"
"0x1000529b890","      CS2R R118, SRZ","0","0","0"
"0x1000529b8a0","      IMAD.HI.U32 R3, R3, R5, R2","0","0","0"
"0x1000529b8b0","      CS2R R120, SRZ","0","0","0"
"0x1000529b8c0","      CS2R R122, SRZ","0","0","0"
"0x1000529b8d0","      CS2R R124, SRZ","0","0","0"
"0x1000529b8e0","      MUFU.RCP R10, R10","0","0","0"
"0x1000529b8f0","      CS2R R126, SRZ","0","0","0"
"0x1000529b900","      IMAD.HI.U32 R3, R3, UR4, RZ","0","0","0"
"0x1000529b910","      CS2R R128, SRZ","0","0","0"
"0x1000529b920","      CS2R R130, SRZ","0","0","0"
"0x1000529b930","      CS2R R132, SRZ","0","0","0"
"0x1000529b940","      IMAD.MOV R5, RZ, RZ, -R3","0","0","0"
"0x1000529b950","      CS2R R134, SRZ","0","0","0"
"0x1000529b960","      CS2R R136, SRZ","0","1","0"
"0x1000529b970","      CS2R R138, SRZ","0","1","0"
"0x1000529b980","      IMAD R5, R0, R5, UR4","0","0","0"
"0x1000529b990","      ULDC.64 UR4, c[0x0][0x118]","0","0","0"
"0x1000529b9a0","      ISETP.GE.U32.AND P0, PT, R5, R0, PT","0","0","2"
"0x1000529b9b0","      IADD3 R10, R10, 0xffffffe, RZ","0","0","1"
"0x1000529b9c0","      F2I.FTZ.U32.TRUNC.NTZ R215, R10","0","0","3"
"0x1000529b9d0","@P0   IMAD.IADD R5, R5, 0x1, -R0","0","0","4"
"0x1000529b9e0","@P0   IADD3 R3, R3, 0x1, RZ","0","0","0"
"0x1000529b9f0","      ISETP.NE.U32.AND P0, PT, R0, RZ, PT","0","0","0"
"0x1000529ba00","      ISETP.GE.U32.AND P1, PT, R5, R0, PT","0","1","0"
"0x1000529ba10","@P1   IADD3 R3, R3, 0x1, RZ","0","0","7"
"0x1000529ba20","@P1   IMAD.IADD R5, R5, 0x1, -R0","0","0","0"
"0x1000529ba30","      SEL R6, R4, R3, !P0","0","0","1"
"0x1000529ba40","      SEL R4, R4, R5, !P0","0","0","0"
"0x1000529ba50","      IADD3 R5, R12, 0xffffffe, RZ","0","0","0"
"0x1000529ba60","      IMAD R2, R6, R7, c[0x0][0x10]","0","0","0"
"0x1000529ba70","      IADD3 R12, R182, 0x100, RZ","0","0","0"
"0x1000529ba80","      IMNMX.U32 R7, R2, 0x8, PT","0","0","4"
"0x1000529ba90","      F2I.FTZ.U32.TRUNC.NTZ R5, R5","0","0","0"
"0x1000529baa0","      IMAD.MOV R9, RZ, RZ, -R7","0","0","1"
"0x1000529bab0","      I2F.U32.RP R8, R7","0","0","1"
"0x1000529bac0","      IMAD.U32 R199, R5, -0x10, RZ","0","0","0"
"0x1000529bad0","      MUFU.RCP R8, R8","0","0","4"
"0x1000529bae0","      IADD3 R2, R8, 0xffffffe, RZ","0","0","1"
"0x1000529baf0","      IADD3 R8, R182, 0x80, RZ","0","0","0"
"0x1000529bb00","      F2I.FTZ.U32.TRUNC.NTZ R3, R2","0","0","2"
"0x1000529bb10","      IMAD.MOV.U32 R2, RZ, RZ, RZ","0","0","0"
"0x1000529bb20","      IMAD R9, R9, R3, RZ","0","0","1"
"0x1000529bb30","      IMAD.HI.U32 R9, R3, R9, R2","0","0","0"
"0x1000529bb40","      IADD3 R3, R11, 0xffffffe, RZ","0","0","0"
"0x1000529bb50","      IMAD.HI.U32 R9, R9, R4, RZ","0","0","2"
"0x1000529bb60","      F2I.FTZ.U32.TRUNC.NTZ R3, R3","0","0","0"
"0x1000529bb70","      IMAD.MOV R0, RZ, RZ, -R9","0","0","1"
"0x1000529bb80","      IMAD R0, R7, R0, R4","0","0","0"
"0x1000529bb90","      IMAD.MOV.U32 R4, RZ, RZ, RZ","0","0","1"
"0x1000529bba0","      ISETP.GE.U32.AND P3, PT, R0, R7, PT","0","0","0"
"0x1000529bbb0","      IMAD.HI.U32 R199, R5, R199, R4","0","0","0"
"0x1000529bbc0","      IMAD.U32 R11, R3, -0x4, RZ","0","0","1"
"0x1000529bbd0","      IMAD.HI.U32 R197, R199, R182, RZ","0","0","3"
"0x1000529bbe0","      IMAD.HI.U32 R3, R3, R11, R2","0","0","0"
"0x1000529bbf0","@P3   IADD3 R9, R9, 0x1, RZ","0","0","2"
"0x1000529bc00","@P3   IMAD.IADD R0, R0, 0x1, -R7","0","0","1"
"0x1000529bc10","      ISETP.NE.U32.AND P3, PT, R7, RZ, PT","0","0","0"
"0x1000529bc20","      IMAD.HI.U32 R209, R3, R182, RZ","0","0","0"
"0x1000529bc30","      ISETP.GE.U32.AND P4, PT, R0, R7, PT","0","0","1"
"0x1000529bc40","      IMAD.HI.U32 R206, R3, R8, RZ","0","0","0"
"0x1000529bc50","      IMAD.HI.U32 R203, R3, R12, RZ","0","0","4"
"0x1000529bc60","      IMAD R210, R209, -0x4, R182","0","0","3"
"0x1000529bc70","      IMAD R207, R206, -0x4, R8","0","0","0"
"0x1000529bc80","      IMAD R204, R203, -0x4, R12","0","0","1"
"0x1000529bc90","      ISETP.GE.U32.AND P1, PT, R210, 0x4, PT","0","0","0"
"0x1000529bca0","      IMAD.HI.U32 R198, R3, R14, RZ","0","0","0"
"0x1000529bcb0","      ISETP.GE.U32.AND P2, PT, R207, 0x4, PT","0","0","0"
"0x1000529bcc0","      ISETP.GE.U32.AND P0, PT, R204, 0x4, PT","0","0","0"
"0x1000529bcd0","@P4   IMAD.IADD R0, R0, 0x1, -R7","0","0","0"
"0x1000529bce0","      LOP3.LUT R7, RZ, R7, RZ, 0x33, !PT","0","0","0"
"0x1000529bcf0","      IMAD R2, R197, -0x10, R182","0","0","0"
"0x1000529bd00","@P4   IADD3 R9, R9, 0x1, RZ","0","0","0"
"0x1000529bd10","      IMAD R201, R198, -0x4, R14","0","0","0"
"0x1000529bd20","      SEL R3, R7, R0, !P3","0","0","0"
"0x1000529bd30","      IMAD.U32 R5, R215, -0x2, RZ","0","0","0"
"0x1000529bd40","      SEL R213, R7, R9, !P3","0","0","0"
"0x1000529bd50","      IMAD.HI.U32 R194, R199, R8, RZ","0","0","0"
"0x1000529bd60","@P1   IADD3 R210, R210, -0x4, RZ","0","0","0"
"0x1000529bd70","@P2   IADD3 R207, R207, -0x4, RZ","0","0","0"
"0x1000529bd80","      IMAD.HI.U32 R214, R215, R5, R214","0","0","0"
"0x1000529bd90","      ISETP.GE.U32.AND P3, PT, R2, 0x10, PT","0","0","0"
"0x1000529bda0","@P0   IADD3 R204, R204, -0x4, RZ","0","0","1"
"0x1000529bdb0","      IMAD R215, R6, 0x8, R3","0","0","0"
"0x1000529bdc0","      ISETP.GE.U32.AND P5, PT, R210, 0x4, PT","0","0","0"
"0x1000529bdd0","      IMAD.HI.U32 R191, R199, R12, RZ","0","0","0"
"0x1000529bde0","      ISETP.GE.U32.AND P6, PT, R201, 0x4, PT","0","0","0"
"0x1000529bdf0","      ISETP.GE.U32.AND P4, PT, R207, 0x4, PT","0","0","0"
"0x1000529be00","      IMAD.HI.U32 R188, R199, R14, RZ","0","0","0"
"0x1000529be10","@P1   IADD3 R209, R209, 0x1, RZ","0","0","0"
"0x1000529be20","      ISETP.GE.U32.AND P1, PT, R204, 0x4, PT","0","0","0"
"0x1000529be30","      IMAD R8, R194, -0x10, R8","0","0","0"
"0x1000529be40","@P3   IADD3 R2, R2, -0x10, RZ","0","0","0"
"0x1000529be50","      IMAD R12, R191, -0x10, R12","0","0","0"
"0x1000529be60","@P2   IADD3 R206, R206, 0x1, RZ","0","0","0"
"0x1000529be70","      IMAD R14, R188, -0x10, R14","0","0","0"
"0x1000529be80","@P5   IADD3 R210, R210, -0x4, RZ","0","0","0"
"0x1000529be90","@P6   IADD3 R201, R201, -0x4, RZ","0","0","0"
"0x1000529bea0","@P4   IADD3 R207, R207, -0x4, RZ","0","0","1"
"0x1000529beb0","      IMAD.SHL.U32 R210, R210, 0x8, RZ","0","0","0"
"0x1000529bec0","      ISETP.GE.U32.AND P2, PT, R2, 0x10, PT","0","0","0"
"0x1000529bed0","@P1   IADD3 R204, R204, -0x4, RZ","0","0","1"
"0x1000529bee0","      IMAD.SHL.U32 R207, R207, 0x8, RZ","0","0","0"
"0x1000529bef0","@P5   IADD3 R209, R209, 0x1, RZ","0","0","0"
"0x1000529bf00","      ISETP.GE.U32.AND P5, PT, R201, 0x4, PT","0","0","1"
"0x1000529bf10","      IMAD.SHL.U32 R204, R204, 0x8, RZ","0","0","0"
"0x1000529bf20","@P0   IADD3 R203, R203, 0x1, RZ","0","0","0"
"0x1000529bf30","      IMAD R208, R209, 0x28, R210","0","0","0"
"0x1000529bf40","@P4   IADD3 R206, R206, 0x1, RZ","0","0","0"
"0x1000529bf50","      IMAD R209, R215, 0x80, R209","0","0","0"
"0x1000529bf60","      IADD3 R0, R210, 0x8, RZ","0","0","0"
"0x1000529bf70","      IMAD.SHL.U32 R11, R208, 0x2, RZ","0","0","0"
"0x1000529bf80","@P1   IADD3 R203, R203, 0x1, RZ","0","0","0"
"0x1000529bf90","      IMAD R205, R206, 0x28, R207","0","0","0"
"0x1000529bfa0","      IADD3 R4, R207, 0x8, RZ","0","0","0"
"0x1000529bfb0","      IMAD R206, R215, 0x80, R206","0","0","0"
"0x1000529bfc0","      IADD3 R5, R204, 0x8, RZ","0","0","0"
"0x1000529bfd0","      IMAD R202, R203, 0x28, R204","0","0","0"
"0x1000529bfe0","      ISETP.GT.U32.AND P0, PT, R0, 0x1000, PT","0","0","0"
"0x1000529bff0","      IMAD R203, R215, 0x80, R203","0","0","0"
"0x1000529c000","      ISETP.GT.U32.AND P4, PT, R4, 0x1000, PT","0","0","0"
"0x1000529c010","      IMAD.MOV.U32 R0, RZ, RZ, 0x2","0","0","0"
"0x1000529c020","@P2   IADD3 R2, R2, -0x10, RZ","0","0","0"
"0x1000529c030","      IMAD R3, R209, 0x1000, R210","0","0","0"
"0x1000529c040","      ISETP.GT.U32.AND P1, PT, R5, 0x1000, PT","0","0","0"
"0x1000529c050","      IMAD R5, R206, 0x1000, R207","0","0","0"
"0x1000529c060","@P5   IADD3 R201, R201, -0x4, RZ","0","0","0"
"0x1000529c070","      IMAD.SHL.U32 R10, R2, 0x8, RZ","0","0","0"
"0x1000529c080","      ISETP.LT.U32.AND P0, PT, R209, 0x1000, !P0","0","0","0"
"0x1000529c090","      IMAD R7, R203, 0x1000, R204","0","0","0"
"0x1000529c0a0","      ISETP.LT.U32.AND P4, PT, R206, 0x1000, !P4","0","0","0"
"0x1000529c0b0","      IMAD.SHL.U32 R201, R201, 0x8, RZ","0","0","0"
"0x1000529c0c0","      ISETP.LT.U32.AND P1, PT, R203, 0x1000, !P1","0","0","0"
"0x1000529c0d0","      IMAD R196, R213, 0x80, R10","0","0","0"
"0x1000529c0e0","@P6   IADD3 R198, R198, 0x1, RZ","0","0","0"
"0x1000529c0f0","      IMAD.WIDE.U32 R2, R3, R0, c[0x0][0x160]","0","0","0"
"0x1000529c100","      IADD3 R9, R201, 0x8, RZ","0","0","0"
"0x1000529c110","@P5   IADD3 R198, R198, 0x1, RZ","0","0","0"
"0x1000529c120","      IMAD.SHL.U32 R13, R205, 0x2, RZ","0","0","0"
"0x1000529c130","      IADD3 R16, R196, 0x8, RZ","0","0","0"
"0x1000529c140","      IMAD.WIDE.U32 R4, R5, R0, c[0x0][0x160]","0","0","0"
"0x1000529c150","@P3   IADD3 R197, R197, 0x1, RZ","0","0","0"
"0x1000529c160","      LDGSTS.E.BYPASS.128 [R11][R2.64], P0","0","0","0"
"0x1000529c170","      ISETP.GE.U32.AND P5, PT, R8, 0x10, PT","0","0","0"
"0x1000529c180","      IMAD.SHL.U32 R15, R202, 0x2, RZ","0","0","0"
"0x1000529c190","      ISETP.GT.U32.AND P0, PT, R9, 0x1000, PT","0","0","0"
"0x1000529c1a0","      IMAD.WIDE.U32 R6, R7, R0, c[0x0][0x160]","0","0","0"
"0x1000529c1b0","      LDGSTS.E.BYPASS.128 [R13][R4.64], P4","0","0","0"
"0x1000529c1c0","      ISETP.GT.U32.AND P4, PT, R16, 0x1000, PT","0","0","0"
"0x1000529c1d0","      IMAD R200, R215, 0x80, R198","0","0","1"
"0x1000529c1e0","@P2   IADD3 R197, R197, 0x1, RZ","0","0","0"
"0x1000529c1f0","      LDGSTS.E.BYPASS.128 [R15][R6.64], P1","0","0","0"
"0x1000529c200","      ISETP.GE.U32.AND P3, PT, R12, 0x10, PT","0","0","0"
"0x1000529c210","      IMAD R198, R198, 0x28, R201","0","0","0"
"0x1000529c220","      ISETP.GE.U32.AND P1, PT, R14, 0x10, PT","0","0","0"
"0x1000529c230","      IMAD R3, R200, 0x1000, R201","0","0","0"
"0x1000529c240","      ISETP.LT.U32.AND P0, PT, R200, 0x1000, !P0","0","0","0"
"0x1000529c250","      IMAD R195, R197, 0x88, R10","0","0","0"
"0x1000529c260","      ISETP.LT.U32.AND P2, PT, R197, 0x1000, !P4","0","0","0"
"0x1000529c270","      IMAD R5, R197, 0x1000, R196","4","0","0"
"0x1000529c280","      SHF.R.U32.HI R9, RZ, 0x5, R182","0","0","0"
"0x1000529c290","      IMAD.WIDE.U32 R2, R3, R0, c[0x0][0x160]","0","0","0"
"0x1000529c2a0","@P5   IADD3 R8, R8, -0x10, RZ","0","0","0"
"0x1000529c2b0","@P5   IADD3 R194, R194, 0x1, RZ","0","0","0"
"0x1000529c2c0","      IMAD.SHL.U32 R7, R198, 0x2, RZ","11","0","0"
"0x1000529c2d0","@P3   IADD3 R12, R12, -0x10, RZ","0","0","0"
"0x1000529c2e0","      IMAD.HI.U32 R212, R214, R9, RZ","0","0","0"
"0x1000529c2f0","      ISETP.GE.U32.AND P6, PT, R8, 0x10, PT","0","0","0"
"0x1000529c300","@P1   IADD3 R14, R14, -0x10, RZ","0","0","0"
"0x1000529c310","      IMAD.SHL.U32 R11, R195, 0x2, RZ","0","0","0"
"0x1000529c320","      LDGSTS.E.BYPASS.128 [R7][R2.64], P0","0","0","0"
"0x1000529c330","      IMAD.WIDE.U32 R4, R5, R0, c[0x0][0x168]","0","0","0"
"0x1000529c340","      ISETP.GE.U32.AND P5, PT, R14, 0x10, PT","0","0","0"
"0x1000529c350","@P3   IADD3 R191, R191, 0x1, RZ","0","0","1"
"0x1000529c360","      IMAD R9, R212, -0x2, R9","0","0","0"
"0x1000529c370","      LDGSTS.E.BYPASS.128 [R11+0x5000][R4.64], P2","0","0","0"
"0x1000529c380","      ISETP.GE.U32.AND P2, PT, R12, 0x10, PT","0","0","0"
"0x1000529c390","      IMAD.MOV.U32 R15, RZ, RZ, RZ","0","0","0"
"0x1000529c3a0","@P6   IADD3 R8, R8, -0x10, RZ","0","0","0"
"0x1000529c3b0","      ISETP.GE.U32.AND P0, PT, R9, 0x2, PT","0","0","0"
"0x1000529c3c0","@P6   IADD3 R194, R194, 0x1, RZ","0","0","0"
"0x1000529c3d0","      IMAD.SHL.U32 R8, R8, 0x8, RZ","0","0","0"
"0x1000529c3e0","@P5   IADD3 R14, R14, -0x10, RZ","0","0","0"
"0x1000529c3f0","@P1   IADD3 R188, R188, 0x1, RZ","0","0","0"
"0x1000529c400","      IMAD R193, R213, 0x80, R8","0","0","0"
"0x1000529c410","@P2   IADD3 R12, R12, -0x10, RZ","0","0","0"
"0x1000529c420","      IMAD.SHL.U32 R14, R14, 0x8, RZ","0","0","0"
"0x1000529c430","@P2   IADD3 R191, R191, 0x1, RZ","0","0","0"
"0x1000529c440","      IMAD R192, R194, 0x88, R8","0","0","0"
"0x1000529c450","@P0   IADD3 R9, R9, -0x2, RZ","0","0","0"
"0x1000529c460","      IMAD.SHL.U32 R12, R12, 0x8, RZ","0","0","0"
"0x1000529c470","      IADD3 R2, R193, 0x8, RZ","33","0","0"
"0x1000529c480","      IMAD R187, R213, 0x80, R14","0","0","0"
"0x1000529c490","      ISETP.GE.U32.AND P6, PT, R9, 0x2, PT","0","0","0"
"0x1000529c4a0","      IMAD R190, R213, 0x80, R12","0","0","0"
"0x1000529c4b0","      ISETP.GT.U32.AND P3, PT, R2, 0x1000, PT","0","0","0"
"0x1000529c4c0","      IMAD R189, R191, 0x88, R12","0","0","0"
"0x1000529c4d0","      IADD3 R4, R187, 0x8, RZ","25","0","0"
"0x1000529c4e0","      IMAD.SHL.U32 R7, R192, 0x2, RZ","0","0","0"
"0x1000529c4f0","      IADD3 R3, R190, 0x8, RZ","0","0","0"
"0x1000529c500","      IMAD.SHL.U32 R13, R189, 0x2, RZ","0","0","0"
"0x1000529c510","      LOP3.LUT R2, R182, 0x1f, RZ, 0xc0, !PT","0","0","0"
"0x1000529c520","      ISETP.GT.U32.AND P2, PT, R3, 0x1000, PT","0","0","2"
"0x1000529c530","@P0   IADD3 R212, R212, 0x1, RZ","0","0","1"
"0x1000529c540","      ISETP.GT.U32.AND P1, PT, R4, 0x1000, PT","0","0","0"
"0x1000529c550","@P5   IADD3 R188, R188, 0x1, RZ","0","0","1"
"0x1000529c560","      LOP3.LUT R3, R2, 0x10, RZ, 0xc0, !PT","0","0","1"
"0x1000529c570","@P6   IADD3 R9, R9, -0x2, RZ","0","0","0"
"0x1000529c580","      IMAD R186, R188, 0x88, R14","0","0","0"
"0x1000529c590","      ISETP.LT.U32.AND P0, PT, R194, 0x1000, !P3","0","0","0"
"0x1000529c5a0","      IMAD R11, R188, 0x1000, R187","0","0","0"
"0x1000529c5b0","@P6   IADD3 R212, R212, 0x1, RZ","0","0","0"
"0x1000529c5c0","      IMAD.SHL.U32 R211, R9, 0x40, RZ","0","0","0"
"0x1000529c5d0","      ISETP.LT.U32.AND P5, PT, R191, 0x1000, !P2","0","0","0"
"0x1000529c5e0","      IMAD R9, R191, 0x1000, R190","0","0","0"
"0x1000529c5f0","      ISETP.LT.U32.AND P6, PT, R188, 0x1000, !P1","0","0","0"
"0x1000529c600","      IMAD.SHL.U32 R17, R186, 0x2, RZ","0","0","0"
"0x1000529c610","      SHF.R.U32.HI R183, RZ, 0x1, R3","0","0","0"
"0x1000529c620","      IMAD R3, R194, 0x1000, R193","0","0","0"
"0x1000529c630","      LOP3.LUT R4, R2, 0xf, RZ, 0xc0, !PT","0","0","0"
"0x1000529c640","      IMAD.WIDE.U32 R8, R9, R0, c[0x0][0x168]","0","0","0"
"0x1000529c650","      IMAD.WIDE.U32 R2, R3, R0, c[0x0][0x168]","0","0","3"
"0x1000529c660","      IMAD.WIDE.U32 R10, R11, R0, c[0x0][0x168]","0","0","2"
"0x1000529c670","      LDGSTS.E.BYPASS.128 [R7+0x5000][R2.64], P0","0","0","0"
"0x1000529c680","      IMAD.SHL.U32 R184, R212, 0x40, RZ","0","0","0"
"0x1000529c690","      LDGSTS.E.BYPASS.128 [R13+0x5000][R8.64], P5","0","0","0"
"0x1000529c6a0","      IMAD.IADD R6, R211, 0x1, R4","0","0","0"
"0x1000529c6b0","      IMAD R184, R4, 0x88, R184","0","0","0"
"0x1000529c6c0","      LDGSTS.E.BYPASS.128 [R17+0x5000][R10.64], P6","0","0","0"
"0x1000529c6d0","      IMAD R183, R6, 0x28, R183","0","0","0"
"0x1000529c6e0","      CS2R R4, SRZ","0","0","0"
"0x1000529c6f0","      LDGDEPBAR","0","0","1"
"0x1000529c700","      CS2R R6, SRZ","30","0","0"
"0x1000529c710","      CS2R R8, SRZ","21","0","0"
"0x1000529c720","      CS2R R10, SRZ","29","0","0"
"0x1000529c730","      DEPBAR.LE SB0, 0x0","0","0","0"
"0x1000529c740","      BAR.SYNC.DEFER_BLOCKING 0x0","674","0","1"
"0x1000529c750","      IADD3 R185, R15, 0x1, RZ","0","0","4"
"0x1000529c760","      IMAD.MOV.U32 R217, RZ, RZ, 0x2200","0","0","0"
"0x1000529c770","      IMAD.HI.U32 R2, R214, R185, RZ","0","1","191"
"0x1000529c780","      IMAD R17, R2, -0x2, R185","0","0","215"
"0x1000529c790","      IMAD R2, R185, 0x20, R210","0","2","453"
"0x1000529c7a0","      IMAD R13, R185, 0x20, R207","0","0","65"
"0x1000529c7b0","      ISETP.GE.U32.AND P0, PT, R17, 0x2, PT","0","0","0"
"0x1000529c7c0","      IMAD R16, R185, 0x20, R204","0","0","0"
"0x1000529c7d0","      IADD3 R3, R2, 0x8, RZ","0","0","0"
"0x1000529c7e0","      IMAD R147, R185, 0x20, R201","0","0","0"
"0x1000529c7f0","      IADD3 R12, R13, 0x8, RZ","0","0","0"
"0x1000529c800","      IMAD R145, R203, 0x1000, R16","0","0","0"
"0x1000529c810","      ISETP.GT.U32.AND P5, PT, R3, 0x1000, PT","0","0","0"
"0x1000529c820","      IMAD R3, R209, 0x1000, R2","0","0","0"
"0x1000529c830","      ISETP.GT.U32.AND P6, PT, R12, 0x1000, PT","0","0","0"
"0x1000529c840","      IMAD R13, R206, 0x1000, R13","0","0","0"
"0x1000529c850","      ISETP.LT.U32.AND P5, PT, R209, 0x1000, !P5","0","0","0"
"0x1000529c860","      IMAD.WIDE.U32 R2, R3, R0, c[0x0][0x160]","0","0","0"
"0x1000529c870","      IADD3 R14, R16, 0x8, RZ","0","0","0"
"0x1000529c880","@P0   IADD3 R17, R17, -0x2, RZ","0","6","72"
"0x1000529c890","      IMAD.WIDE.U32 R12, R13, R0, c[0x0][0x160]","0","0","0"
"0x1000529c8a0","      ISETP.LT.U32.AND P5, PT, R185, 0x80, P5","0","0","0"
"0x1000529c8b0","      ISETP.GE.U32.AND P0, PT, R17, 0x2, PT","0","0","63"
"0x1000529c8c0","      IMAD R149, R185, 0x20, R197","0","0","0"
"0x1000529c8d0","      ISETP.LT.U32.AND P6, PT, R206, 0x1000, !P6","0","0","0"
"0x1000529c8e0","      IADD3 R18, R147, 0x8, RZ","0","0","71"
"0x1000529c8f0","      ISETP.LT.U32.AND P6, PT, R185, 0x80, P6","0","6","75"
"0x1000529c900","@P0   IADD3 R17, R17, -0x2, RZ","0","2","394"
"0x1000529c910","      ISETP.GT.U32.AND P0, PT, R14, 0x1000, PT","0","1","64"
"0x1000529c920","      IMAD.HI.U32 R14, R214, R15, RZ","0","0","0"
"0x1000529c930","      ISETP.LT.U32.AND P0, PT, R203, 0x1000, !P0","0","1","136"
"0x1000529c940","      IMAD R19, R17, 0x2800, RZ","0","0","0"
"0x1000529c950","      IMAD R16, R14, -0x2, R15","0","1","336"
"0x1000529c960","      ISETP.LT.U32.AND P0, PT, R185, 0x80, P0","0","0","0"
"0x1000529c970","      IMAD R141, R208, 0x2, R19","0","0","0"
"0x1000529c980","      IMAD R143, R205, 0x2, R19","0","0","67"
"0x1000529c990","      IMAD.WIDE.U32 R14, R145, R0, c[0x0][0x160]","0","0","55"
"0x1000529c9a0","@!PT  LDS RZ, [RZ]","0","0","0"
"0x1000529c9b0","@!PT  LDS RZ, [RZ]","0","0","0"
"0x1000529c9c0","@!PT  LDS RZ, [RZ]","0","0","0"
"0x1000529c9d0","      LDGSTS.E.BYPASS.128 [R141][R2.64], P5","0","0","0"
"0x1000529c9e0","      ISETP.GE.U32.AND P5, PT, R16, 0x2, PT","0","0","0"
"0x1000529c9f0","      IMAD R145, R202, 0x2, R19","0","4","66"
"0x1000529ca00","      LDGSTS.E.BYPASS.128 [R143][R12.64], P6","0","0","0"
"0x1000529ca10","      ISETP.GT.U32.AND P6, PT, R18, 0x1000, PT","0","0","0"
"0x1000529ca20","      IMAD R17, R17, R217, 0x5000","0","0","0"
"0x1000529ca30","      LDGSTS.E.BYPASS.128 [R145][R14.64], P0","0","0","80"
"0x1000529ca40","      ISETP.LT.U32.AND P6, PT, R200, 0x1000, !P6","0","0","0"
"0x1000529ca50","      IMAD R19, R198, 0x2, R19","0","0","0"
"0x1000529ca60","      ISETP.LT.U32.AND P0, PT, R149, 0x1000, !P4","0","0","0"
"0x1000529ca70","      IMAD R3, R200, 0x1000, R147","1601","3","0"
"0x1000529ca80","      ISETP.LT.U32.AND P6, PT, R185, 0x80, P6","0","0","0"
"0x1000529ca90","      IMAD R18, R185, 0x20, R188","0","0","0"
"0x1000529caa0","@P5   IADD3 R16, R16, -0x2, RZ","0","0","0"
"0x1000529cab0","      IMAD R13, R149, 0x1000, R196","848","0","0"
"0x1000529cac0","      ISETP.LT.U32.AND P0, PT, R185, 0x80, P0","0","0","0"
"0x1000529cad0","      IMAD.WIDE.U32 R2, R3, R0, c[0x0][0x160]","0","0","0"
"0x1000529cae0","      ISETP.GE.U32.AND P5, PT, R16, 0x2, PT","0","0","0"
"0x1000529caf0","      IMAD.WIDE.U32 R12, R13, R0, c[0x0][0x168]","0","2","135"
"0x1000529cb00","      IMAD R15, R195, 0x2, R17","882","0","452"
"0x1000529cb10","      LDGSTS.E.BYPASS.128 [R19][R2.64], P6","0","0","0"
"0x1000529cb20","      IMAD R14, R185, 0x20, R194","0","0","0"
"0x1000529cb30","      IMAD R143, R185, 0x20, R191","0","0","63"
"0x1000529cb40","      LDGSTS.E.BYPASS.128 [R15][R12.64], P0","0","0","0"
"0x1000529cb50","@P5   IADD3 R16, R16, -0x2, RZ","0","0","0"
"0x1000529cb60","      IMAD R141, R14, 0x1000, R193","0","0","0"
"0x1000529cb70","      ISETP.LT.U32.AND P6, PT, R14, 0x1000, !P3","0","0","0"
"0x1000529cb80","      IMAD R145, R189, 0x2, R17","0","0","0"
"0x1000529cb90","      ISETP.LT.U32.AND P0, PT, R143, 0x1000, !P2","0","0","0"
"0x1000529cba0","      IMAD R143, R143, 0x1000, R190","0","0","0"
"0x1000529cbb0","      ISETP.LT.U32.AND P5, PT, R18, 0x1000, !P1","0","0","0"
"0x1000529cbc0","      IMAD R19, R18, 0x1000, R187","1868","2","0"
"0x1000529cbd0","      ISETP.LT.U32.AND P6, PT, R185, 0x80, P6","0","0","0"
"0x1000529cbe0","      IMAD R217, R16, R217, 0x5000","0","0","0"
"0x1000529cbf0","      ISETP.LT.U32.AND P0, PT, R185, 0x80, P0","0","0","0"
"0x1000529cc00","      IMAD.WIDE.U32 R14, R19, R0, c[0x0][0x168]","2329","2","0"
"0x1000529cc10","      ISETP.LT.U32.AND P5, PT, R185, 0x80, P5","0","0","0"
"0x1000529cc20","      IMAD R216, R16, 0x1400, R183","0","7","134"
"0x1000529cc30","      IMAD.WIDE.U32 R2, R141, R0, c[0x0][0x168]","0","0","420"
"0x1000529cc40","      IMAD R19, R192, 0x2, R17","0","0","212"
"0x1000529cc50","      IMAD.WIDE.U32 R12, R143, R0, c[0x0][0x168]","0","1","303"
"0x1000529cc60","      LDGSTS.E.BYPASS.128 [R19][R2.64], P6","0","0","154"
"0x1000529cc70","      IMAD R147, R186, 0x2, R17","0","0","0"
"0x1000529cc80","      IMAD R217, R184, 0x2, R217","0","0","294"
"0x1000529cc90","      LDGSTS.E.BYPASS.128 [R145][R12.64], P0","0","0","0"
"0x1000529cca0","      IMAD.SHL.U32 R216, R216, 0x2, RZ","0","0","0"
"0x1000529ccb0","      ISETP.GE.U32.AND P0, PT, R185, 0x80, PT","0","0","0"
"0x1000529ccc0","      LDGSTS.E.BYPASS.128 [R147][R14.64], P5","0","0","82"
"0x1000529ccd0","      LDSM.16.MT88.2 R180, [R217]","0","0","231"
"0x1000529cce0","      LDSM.16.M88.4 R140, [R216]","0","0","197"
"0x1000529ccf0","      LDSM.16.MT88.2 R178, [R217+0x10]","0","0","210"
"0x1000529cd00","      LDSM.16.MT88.2 R176, [R217+0x20]","0","0","200"
"0x1000529cd10","      LDSM.16.MT88.2 R174, [R217+0x30]","0","0","187"
"0x1000529cd20","      LDSM.16.MT88.2 R172, [R217+0x40]","0","0","192"
"0x1000529cd30","      LDSM.16.MT88.2 R170, [R217+0x50]","0","0","207"
"0x1000529cd40","      LDSM.16.MT88.2 R168, [R217+0x60]","0","0","193"
"0x1000529cd50","      LDSM.16.MT88.2 R158, [R217+0x70]","0","0","189"
"0x1000529cd60","      LDSM.16.M88.4 R16, [R216+0x500]","0","0","236"
"0x1000529cd70","      LDSM.16.M88.4 R12, [R216+0xa00]","0","0","193"
"0x1000529cd80","      LDSM.16.M88.4 R164, [R216+0xf00]","0","0","212"
"0x1000529cd90","      HMMA.16816.F32 R20, R140, R180, R20","0","13680","0"
"0x1000529cda0","      LDSM.16.MT88.2 R156, [R217+0x1100]","0","0","127"
"0x1000529cdb0","      LDSM.16.MT88.2 R154, [R217+0x1110]","0","0","230"
"0x1000529cdc0","      HMMA.16816.F32 R4, R140, R178, R4","0","1822","0"
"0x1000529cdd0","      LDSM.16.M88.4 R160, [R216+0x20]","0","0","120"
"0x1000529cde0","      LDSM.16.MT88.2 R152, [R217+0x1120]","0","0","256"
"0x1000529cdf0","      HMMA.16816.F32 R24, R140, R176, R24","0","5061","0"
"0x1000529ce00","      LDSM.16.MT88.2 R150, [R217+0x1130]","0","0","125"
"0x1000529ce10","      LDSM.16.MT88.2 R148, [R217+0x1140]","0","0","192"
"0x1000529ce20","      HMMA.16816.F32 R28, R140, R174, R28","0","1544","0"
"0x1000529ce30","      LDSM.16.MT88.2 R2, [R217+0x1170]","0","0","155"
"0x1000529ce40","      LDSM.16.M88.4 R144, [R216+0x520]","0","0","223"
"0x1000529ce50","      HMMA.16816.F32 R32, R140, R172, R32","0","1520","0"
"0x1000529ce60","      LDGDEPBAR","0","0","149"
"0x1000529ce70","      HMMA.16816.F32 R36, R140, R170, R36","0","1707","320"
"0x1000529ce80","      HMMA.16816.F32 R40, R140, R168, R40","0","1660","446"
"0x1000529ce90","      HMMA.16816.F32 R44, R140, R158, R44","0","1663","496"
"0x1000529cea0","      LDSM.16.MT88.2 R142, [R217+0x1150]","0","0","0"
"0x1000529ceb0","      LDSM.16.MT88.2 R140, [R217+0x1160]","0","0","183"
"0x1000529cec0","      HMMA.16816.F32 R48, R16, R180, R48","0","2732","146"
"0x1000529ced0","      HMMA.16816.F32 R52, R16, R178, R52","0","1782","518"
"0x1000529cee0","      HMMA.16816.F32 R56, R16, R176, R56","0","1632","489"
"0x1000529cef0","      HMMA.16816.F32 R60, R16, R174, R60","0","1756","478"
"0x1000529cf00","      HMMA.16816.F32 R64, R16, R172, R64","0","1758","477"
"0x1000529cf10","      HMMA.16816.F32 R68, R16, R170, R68","0","2012","512"
"0x1000529cf20","      HMMA.16816.F32 R72, R16, R168, R72","0","2367","447"
"0x1000529cf30","      HMMA.16816.F32 R76, R16, R158, R76","0","2437","475"
"0x1000529cf40","      LDSM.16.M88.4 R16, [R216+0xa20]","0","0","0"
"0x1000529cf50","      HMMA.16816.F32 R80, R12, R180, R80","0","4316","426"
"0x1000529cf60","      HMMA.16816.F32 R84, R12, R178, R84","0","2156","495"
"0x1000529cf70","      HMMA.16816.F32 R88, R12, R176, R88","0","1808","458"
"0x1000529cf80","      HMMA.16816.F32 R92, R12, R174, R92","0","1826","494"
"0x1000529cf90","      HMMA.16816.F32 R96, R12, R172, R96","0","1829","487"
"0x1000529cfa0","      HMMA.16816.F32 R100, R12, R170, R100","0","1928","515"
"0x1000529cfb0","      HMMA.16816.F32 R104, R12, R168, R104","0","1913","533"
"0x1000529cfc0","      HMMA.16816.F32 R8, R12, R158, R8","0","1852","447"
"0x1000529cfd0","      LDSM.16.M88.4 R12, [R216+0xf20]","0","0","0"
"0x1000529cfe0","      DEPBAR.LE SB0, 0x0","0","0","0"
"0x1000529cff0","      HMMA.16816.F32 R108, R164, R180, R108","3433","43107","302"
"0x1000529d000","      HMMA.16816.F32 R112, R164, R178, R112","0","1788","501"
"0x1000529d010","      HMMA.16816.F32 R116, R164, R176, R116","0","1699","571"
"0x1000529d020","      HMMA.16816.F32 R120, R164, R174, R120","0","1774","565"
"0x1000529d030","      HMMA.16816.F32 R124, R164, R172, R124","0","1647","503"
"0x1000529d040","      HMMA.16816.F32 R128, R164, R170, R128","0","1729","488"
"0x1000529d050","      HMMA.16816.F32 R132, R164, R168, R132","0","1762","550"
"0x1000529d060","      HMMA.16816.F32 R136, R164, R158, R136","0","1684","564"
"0x1000529d070","      HMMA.16816.F32 R20, R160, R156, R20","0","1704","489"
"0x1000529d080","      HMMA.16816.F32 R4, R160, R154, R4","0","1716","491"
"0x1000529d090","      HMMA.16816.F32 R24, R160, R152, R24","0","1648","520"
"0x1000529d0a0","      HMMA.16816.F32 R28, R160, R150, R28","0","1680","485"
"0x1000529d0b0","      HMMA.16816.F32 R32, R160, R148, R32","0","1818","460"
"0x1000529d0c0","      HMMA.16816.F32 R36, R160, R142, R36","0","2290","480"
"0x1000529d0d0","      HMMA.16816.F32 R40, R160, R140, R40","0","2846","492"
"0x1000529d0e0","      HMMA.16816.F32 R44, R160, R2, R44","0","2740","481"
"0x1000529d0f0","      HMMA.16816.F32 R48, R144, R156, R48","0","2359","494"
"0x1000529d100","      HMMA.16816.F32 R52, R144, R154, R52","0","2369","514"
"0x1000529d110","      HMMA.16816.F32 R56, R144, R152, R56","0","2406","460"
"0x1000529d120","      HMMA.16816.F32 R60, R144, R150, R60","0","2265","506"
"0x1000529d130","      HMMA.16816.F32 R64, R144, R148, R64","0","2271","490"
"0x1000529d140","      HMMA.16816.F32 R68, R144, R142, R68","0","2246","507"
"0x1000529d150","      HMMA.16816.F32 R72, R144, R140, R72","0","2140","479"
"0x1000529d160","      HMMA.16816.F32 R76, R144, R2, R76","0","2035","472"
"0x1000529d170","      HMMA.16816.F32 R80, R16, R156, R80","0","1917","487"
"0x1000529d180","      HMMA.16816.F32 R84, R16, R154, R84","0","1865","480"
"0x1000529d190","      HMMA.16816.F32 R88, R16, R152, R88","0","1789","471"
"0x1000529d1a0","      HMMA.16816.F32 R92, R16, R150, R92","0","1773","475"
"0x1000529d1b0","      HMMA.16816.F32 R96, R16, R148, R96","0","1649","441"
"0x1000529d1c0","      HMMA.16816.F32 R100, R16, R142, R100","0","1729","487"
"0x1000529d1d0","      HMMA.16816.F32 R104, R16, R140, R104","0","1717","434"
"0x1000529d1e0","      HMMA.16816.F32 R8, R16, R2, R8","0","1582","450"
"0x1000529d1f0","      HMMA.16816.F32 R108, R12, R156, R108","0","1651","495"
"0x1000529d200","      HMMA.16816.F32 R112, R12, R154, R112","0","1607","476"
"0x1000529d210","      HMMA.16816.F32 R116, R12, R152, R116","0","1581","473"
"0x1000529d220","      HMMA.16816.F32 R120, R12, R150, R120","0","1603","496"
"0x1000529d230","      HMMA.16816.F32 R124, R12, R148, R124","0","1626","451"
"0x1000529d240","      HMMA.16816.F32 R128, R12, R142, R128","0","1664","448"
"0x1000529d250","      HMMA.16816.F32 R132, R12, R140, R132","0","1636","459"
"0x1000529d260","      HMMA.16816.F32 R136, R12, R2, R136","0","1662","455"
"0x1000529d270","      IMAD.MOV.U32 R15, RZ, RZ, R185","0","2","377"
"0x1000529d280","      BAR.SYNC.DEFER_BLOCKING 0x0","0","0","0"
"0x1000529d290","@!P0  BRA 0x1000529c750","0","0","297"
"0x1000529d2a0","      ISETP.NE.U32.AND P0, PT, R212, RZ, PT","0","0","265"
"0x1000529d2b0","      DEPBAR.LE SB0, 0x0","0","0","0"
"0x1000529d2c0","      BAR.SYNC.DEFER_BLOCKING 0x0","0","0","2"
"0x1000529d2d0","      ISETP.NE.U32.AND P1, PT, R212, 0x1, PT","0","0","0"
"0x1000529d2e0","      IMAD R0, R211, 0x110, RZ","0","0","0"
"0x1000529d2f0","      ISETP.GE.U32.AND P2, PT, R182, 0x800, PT","0","0","0"
"0x1000529d300","@P0   BRA 0x1000529d3b0","0","0","3"
"0x1000529d310","      S2R R3, SR_LANEID","0","0","4"
"0x1000529d320","      WARPSYNC 0xffffffff","0","0","0"
"0x1000529d330","      SHF.R.U32.HI R2, RZ, 0x2, R3","0","0","0"
"0x1000529d340","      LOP3.LUT R3, R3, 0x3, RZ, 0xc0, !PT","0","0","0"
"0x1000529d350","      IMAD R3, R2, 0x22, R3","0","0","1"
"0x1000529d360","      IMAD.U32 R3, R3, 0x8, R0","0","0","1"
"0x1000529d370","      STS.64 [R3], R20","0","0","1"
"0x1000529d380","      STS.64 [R3+0x880], R22","0","0","0"
"0x1000529d390","      STS.64 [R3+0x20], R4","0","0","0"
"0x1000529d3a0","      STS.64 [R3+0x8a0], R6","0","0","1"
"0x1000529d3b0","@P0   BRA 0x1000529d470","0","0","1"
"0x1000529d3c0","      S2R R2, SR_LANEID","0","0","0"
"0x1000529d3d0","      WARPSYNC 0xffffffff","0","0","0"
"0x1000529d3e0","      SHF.R.U32.HI R3, RZ, 0x2, R2","0","0","0"
"0x1000529d3f0","      LOP3.LUT R2, R2, 0x3, RZ, 0xc0, !PT","0","0","0"
"0x1000529d400","      IMAD R3, R3, 0x22, R2","0","0","2"
"0x1000529d410","      IADD3 R2, R0, 0x40, RZ","0","0","0"
"0x1000529d420","      IMAD.U32 R2, R3, 0x8, R2","0","0","4"
"0x1000529d430","      STS.64 [R2], R24","0","0","2"
"0x1000529d440","      STS.64 [R2+0x880], R26","0","0","0"
"0x1000529d450","      STS.64 [R2+0x20], R28","0","0","1"
"0x1000529d460","      STS.64 [R2+0x8a0], R30","0","0","2"
"0x1000529d470","@P0   BRA 0x1000529d530","0","0","0"
"0x1000529d480","      S2R R2, SR_LANEID","0","0","4"
"0x1000529d490","      WARPSYNC 0xffffffff","0","0","0"
"0x1000529d4a0","      SHF.R.U32.HI R3, RZ, 0x2, R2","0","0","0"
"0x1000529d4b0","      LOP3.LUT R2, R2, 0x3, RZ, 0xc0, !PT","0","0","0"
"0x1000529d4c0","      IMAD R3, R3, 0x22, R2","0","0","3"
"0x1000529d4d0","      IADD3 R2, R0, 0x80, RZ","0","0","0"
"0x1000529d4e0","      IMAD.U32 R2, R3, 0x8, R2","0","0","1"
"0x1000529d4f0","      STS.64 [R2], R32","0","0","1"
"0x1000529d500","      STS.64 [R2+0x880], R34","0","0","1"
"0x1000529d510","      STS.64 [R2+0x20], R36","0","0","0"
"0x1000529d520","      STS.64 [R2+0x8a0], R38","0","0","0"
"0x1000529d530","@P0   BRA 0x1000529d5f0","0","0","0"
"0x1000529d540","      S2R R2, SR_LANEID","0","0","2"
"0x1000529d550","      WARPSYNC 0xffffffff","0","0","0"
"0x1000529d560","      SHF.R.U32.HI R3, RZ, 0x2, R2","0","0","0"
"0x1000529d570","      LOP3.LUT R2, R2, 0x3, RZ, 0xc0, !PT","0","0","0"
"0x1000529d580","      IMAD R3, R3, 0x22, R2","0","0","0"
"0x1000529d590","      IADD3 R2, R0, 0xc0, RZ","0","0","0"
"0x1000529d5a0","      IMAD.U32 R2, R3, 0x8, R2","0","0","1"
"0x1000529d5b0","      STS.64 [R2], R40","0","0","1"
"0x1000529d5c0","      STS.64 [R2+0x880], R42","0","0","0"
"0x1000529d5d0","      STS.64 [R2+0x20], R44","0","0","2"
"0x1000529d5e0","      STS.64 [R2+0x8a0], R46","0","0","1"
"0x1000529d5f0","@P0   BRA 0x1000529d6b0","0","0","1"
"0x1000529d600","      S2R R2, SR_LANEID","0","0","4"
"0x1000529d610","      WARPSYNC 0xffffffff","0","0","0"
"0x1000529d620","      SHF.R.U32.HI R3, RZ, 0x2, R2","0","0","0"
"0x1000529d630","      LOP3.LUT R2, R2, 0x3, RZ, 0xc0, !PT","0","0","1"
"0x1000529d640","      IMAD R3, R3, 0x22, R2","0","0","0"
"0x1000529d650","      IADD3 R2, R0, 0x1100, RZ","0","0","0"
"0x1000529d660","      IMAD.U32 R2, R3, 0x8, R2","0","0","1"
"0x1000529d670","      STS.64 [R2], R48","0","0","3"
"0x1000529d680","      STS.64 [R2+0x880], R50","0","0","1"
"0x1000529d690","      STS.64 [R2+0x20], R52","0","0","0"
"0x1000529d6a0","      STS.64 [R2+0x8a0], R54","0","0","1"
"0x1000529d6b0","@P0   BRA 0x1000529d770","0","0","0"
"0x1000529d6c0","      S2R R2, SR_LANEID","0","0","0"
"0x1000529d6d0","      WARPSYNC 0xffffffff","0","0","0"
"0x1000529d6e0","      SHF.R.U32.HI R3, RZ, 0x2, R2","0","0","0"
"0x1000529d6f0","      LOP3.LUT R2, R2, 0x3, RZ, 0xc0, !PT","0","0","0"
"0x1000529d700","      IMAD R3, R3, 0x22, R2","0","0","2"
"0x1000529d710","      IADD3 R2, R0, 0x1140, RZ","0","0","0"
"0x1000529d720","      IMAD.U32 R2, R3, 0x8, R2","0","0","1"
"0x1000529d730","      STS.64 [R2], R56","0","0","0"
"0x1000529d740","      STS.64 [R2+0x880], R58","0","0","0"
"0x1000529d750","      STS.64 [R2+0x20], R60","0","0","1"
"0x1000529d760","      STS.64 [R2+0x8a0], R62","0","0","4"
"0x1000529d770","@P0   BRA 0x1000529d830","0","0","0"
"0x1000529d780","      S2R R2, SR_LANEID","0","0","4"
"0x1000529d790","      WARPSYNC 0xffffffff","0","0","0"
"0x1000529d7a0","      SHF.R.U32.HI R3, RZ, 0x2, R2","0","0","0"
"0x1000529d7b0","      LOP3.LUT R2, R2, 0x3, RZ, 0xc0, !PT","0","0","1"
"0x1000529d7c0","      IMAD R3, R3, 0x22, R2","0","0","2"
"0x1000529d7d0","      IADD3 R2, R0, 0x1180, RZ","0","0","0"
"0x1000529d7e0","      IMAD.U32 R2, R3, 0x8, R2","0","0","0"
"0x1000529d7f0","      STS.64 [R2], R64","0","0","0"
"0x1000529d800","      STS.64 [R2+0x880], R66","0","0","2"
"0x1000529d810","      STS.64 [R2+0x20], R68","0","0","2"
"0x1000529d820","      STS.64 [R2+0x8a0], R70","0","0","1"
"0x1000529d830","@P0   BRA 0x1000529d8f0","0","0","1"
"0x1000529d840","      S2R R2, SR_LANEID","0","0","2"
"0x1000529d850","      WARPSYNC 0xffffffff","0","0","0"
"0x1000529d860","      SHF.R.U32.HI R3, RZ, 0x2, R2","0","0","0"
"0x1000529d870","      LOP3.LUT R2, R2, 0x3, RZ, 0xc0, !PT","0","0","0"
"0x1000529d880","      IMAD R3, R3, 0x22, R2","0","0","1"
"0x1000529d890","      IADD3 R2, R0, 0x11c0, RZ","0","0","0"
"0x1000529d8a0","      IMAD.U32 R2, R3, 0x8, R2","0","0","2"
"0x1000529d8b0","      STS.64 [R2], R72","0","0","1"
"0x1000529d8c0","      STS.64 [R2+0x880], R74","0","0","0"
"0x1000529d8d0","      STS.64 [R2+0x20], R76","0","0","1"
"0x1000529d8e0","      STS.64 [R2+0x8a0], R78","0","0","1"
"0x1000529d8f0","@P0   BRA 0x1000529d9b0","0","0","0"
"0x1000529d900","      S2R R2, SR_LANEID","0","0","2"
"0x1000529d910","      WARPSYNC 0xffffffff","0","0","0"
"0x1000529d920","      SHF.R.U32.HI R3, RZ, 0x2, R2","0","0","0"
"0x1000529d930","      LOP3.LUT R2, R2, 0x3, RZ, 0xc0, !PT","0","0","0"
"0x1000529d940","      IMAD R3, R3, 0x22, R2","0","0","3"
"0x1000529d950","      IADD3 R2, R0, 0x2200, RZ","0","0","0"
"0x1000529d960","      IMAD.U32 R2, R3, 0x8, R2","0","0","0"
"0x1000529d970","      STS.64 [R2], R80","0","0","2"
"0x1000529d980","      STS.64 [R2+0x880], R82","0","0","0"
"0x1000529d990","      STS.64 [R2+0x20], R84","0","0","0"
"0x1000529d9a0","      STS.64 [R2+0x8a0], R86","0","0","0"
"0x1000529d9b0","@P0   BRA 0x1000529da70","0","0","0"
"0x1000529d9c0","      S2R R2, SR_LANEID","0","0","3"
"0x1000529d9d0","      WARPSYNC 0xffffffff","0","0","0"
"0x1000529d9e0","      SHF.R.U32.HI R3, RZ, 0x2, R2","0","0","0"
"0x1000529d9f0","      LOP3.LUT R2, R2, 0x3, RZ, 0xc0, !PT","0","0","1"
"0x1000529da00","      IMAD R3, R3, 0x22, R2","0","0","1"
"0x1000529da10","      IADD3 R2, R0, 0x2240, RZ","0","0","0"
"0x1000529da20","      IMAD.U32 R2, R3, 0x8, R2","0","0","0"
"0x1000529da30","      STS.64 [R2], R88","0","0","2"
"0x1000529da40","      STS.64 [R2+0x880], R90","0","0","0"
"0x1000529da50","      STS.64 [R2+0x20], R92","0","0","0"
"0x1000529da60","      STS.64 [R2+0x8a0], R94","0","0","0"
"0x1000529da70","@P0   BRA 0x1000529db30","0","0","1"
"0x1000529da80","      S2R R2, SR_LANEID","0","0","4"
"0x1000529da90","      WARPSYNC 0xffffffff","0","0","0"
"0x1000529daa0","      SHF.R.U32.HI R3, RZ, 0x2, R2","0","0","0"
"0x1000529dab0","      LOP3.LUT R2, R2, 0x3, RZ, 0xc0, !PT","0","0","1"
"0x1000529dac0","      IMAD R3, R3, 0x22, R2","0","0","1"
"0x1000529dad0","      IADD3 R2, R0, 0x2280, RZ","0","0","0"
"0x1000529dae0","      IMAD.U32 R2, R3, 0x8, R2","0","0","3"
"0x1000529daf0","      STS.64 [R2], R96","0","0","0"
"0x1000529db00","      STS.64 [R2+0x880], R98","0","0","1"
"0x1000529db10","      STS.64 [R2+0x20], R100","0","0","1"
"0x1000529db20","      STS.64 [R2+0x8a0], R102","0","0","1"
"0x1000529db30","@P0   BRA 0x1000529dbf0","0","0","0"
"0x1000529db40","      S2R R2, SR_LANEID","0","0","3"
"0x1000529db50","      WARPSYNC 0xffffffff","0","0","0"
"0x1000529db60","      SHF.R.U32.HI R3, RZ, 0x2, R2","0","0","0"
"0x1000529db70","      LOP3.LUT R2, R2, 0x3, RZ, 0xc0, !PT","0","0","0"
"0x1000529db80","      IMAD R3, R3, 0x22, R2","0","0","1"
"0x1000529db90","      IADD3 R2, R0, 0x22c0, RZ","0","0","0"
"0x1000529dba0","      IMAD.U32 R2, R3, 0x8, R2","0","0","0"
"0x1000529dbb0","      STS.64 [R2], R104","0","0","0"
"0x1000529dbc0","      STS.64 [R2+0x880], R106","0","0","1"
"0x1000529dbd0","      STS.64 [R2+0x20], R8","0","0","3"
"0x1000529dbe0","      STS.64 [R2+0x8a0], R10","0","0","0"
"0x1000529dbf0","@P0   BRA 0x1000529dcb0","0","0","1"
"0x1000529dc00","      S2R R2, SR_LANEID","0","0","3"
"0x1000529dc10","      WARPSYNC 0xffffffff","0","0","0"
"0x1000529dc20","      SHF.R.U32.HI R3, RZ, 0x2, R2","0","0","0"
"0x1000529dc30","      LOP3.LUT R2, R2, 0x3, RZ, 0xc0, !PT","0","0","0"
"0x1000529dc40","      IMAD R3, R3, 0x22, R2","0","0","1"
"0x1000529dc50","      IADD3 R2, R0, 0x3300, RZ","0","0","0"
"0x1000529dc60","      IMAD.U32 R2, R3, 0x8, R2","0","0","2"
"0x1000529dc70","      STS.64 [R2], R108","0","0","3"
"0x1000529dc80","      STS.64 [R2+0x880], R110","0","0","0"
"0x1000529dc90","      STS.64 [R2+0x20], R112","0","0","1"
"0x1000529dca0","      STS.64 [R2+0x8a0], R114","0","0","0"
"0x1000529dcb0","@P0   BRA 0x1000529dd70","0","0","1"
"0x1000529dcc0","      S2R R2, SR_LANEID","0","0","2"
"0x1000529dcd0","      WARPSYNC 0xffffffff","0","0","0"
"0x1000529dce0","      SHF.R.U32.HI R3, RZ, 0x2, R2","0","0","0"
"0x1000529dcf0","      LOP3.LUT R2, R2, 0x3, RZ, 0xc0, !PT","0","0","0"
"0x1000529dd00","      IMAD R3, R3, 0x22, R2","0","0","3"
"0x1000529dd10","      IADD3 R2, R0, 0x3340, RZ","0","0","0"
"0x1000529dd20","      IMAD.U32 R2, R3, 0x8, R2","0","0","0"
"0x1000529dd30","      STS.64 [R2], R116","0","0","1"
"0x1000529dd40","      STS.64 [R2+0x880], R118","0","0","0"
"0x1000529dd50","      STS.64 [R2+0x20], R120","0","0","0"
"0x1000529dd60","      STS.64 [R2+0x8a0], R122","0","0","0"
"0x1000529dd70","@P0   BRA 0x1000529de30","0","0","0"
"0x1000529dd80","      S2R R2, SR_LANEID","0","0","1"
"0x1000529dd90","      WARPSYNC 0xffffffff","0","0","0"
"0x1000529dda0","      SHF.R.U32.HI R3, RZ, 0x2, R2","0","0","0"
"0x1000529ddb0","      LOP3.LUT R2, R2, 0x3, RZ, 0xc0, !PT","0","0","0"
"0x1000529ddc0","      IMAD R3, R3, 0x22, R2","0","0","0"
"0x1000529ddd0","      IADD3 R2, R0, 0x3380, RZ","0","0","0"
"0x1000529dde0","      IMAD.U32 R2, R3, 0x8, R2","0","0","1"
"0x1000529ddf0","      STS.64 [R2], R124","0","0","1"
"0x1000529de00","      STS.64 [R2+0x880], R126","0","0","3"
"0x1000529de10","      STS.64 [R2+0x20], R128","0","0","1"
"0x1000529de20","      STS.64 [R2+0x8a0], R130","0","0","1"
"0x1000529de30","@P0   BRA 0x1000529def0","0","0","1"
"0x1000529de40","      S2R R2, SR_LANEID","0","0","1"
"0x1000529de50","      IADD3 R0, R0, 0x33c0, RZ","0","0","0"
"0x1000529de60","      WARPSYNC 0xffffffff","0","0","0"
"0x1000529de70","      SHF.R.U32.HI R3, RZ, 0x2, R2","0","0","0"
"0x1000529de80","      LOP3.LUT R2, R2, 0x3, RZ, 0xc0, !PT","0","0","0"
"0x1000529de90","      IMAD R3, R3, 0x22, R2","0","0","1"
"0x1000529dea0","      IMAD.U32 R0, R3, 0x8, R0","0","0","0"
"0x1000529deb0","      STS.64 [R0], R132","0","0","0"
"0x1000529dec0","      STS.64 [R0+0x880], R134","0","0","0"
"0x1000529ded0","      STS.64 [R0+0x20], R136","0","0","0"
"0x1000529dee0","      STS.64 [R0+0x8a0], R138","0","0","1"
"0x1000529def0","      WARPSYNC 0xffffffff","0","0","0"
"0x1000529df00","      BAR.SYNC.DEFER_BLOCKING 0x0","0","0","0"
"0x1000529df10","      IMAD R211, R211, 0x110, RZ","0","0","0"
"0x1000529df20","      BSSY B0, 0x1000529e0d0","0","0","0"
"0x1000529df30","@P2   BRA 0x1000529e0c0","0","0","0"
"0x1000529df40","      IMAD.MOV.U32 R17, RZ, RZ, 0x4","0","1","1"
"0x1000529df50","      IMAD.HI.U32 R0, R199, R182, RZ","50","0","1"
"0x1000529df60","      IMAD R2, R0, -0x10, R182","0","2","21"
"0x1000529df70","      IADD3 R182, R182, 0x80, RZ","0","0","0"
"0x1000529df80","      ISETP.GE.U32.AND P0, PT, R2, 0x10, PT","0","0","37"
"0x1000529df90","@P0   IADD3 R2, R2, -0x10, RZ","0","0","97"
"0x1000529dfa0","@P0   IADD3 R0, R0, 0x1, RZ","0","1","10"
"0x1000529dfb0","      ISETP.GE.U32.AND P2, PT, R2, 0x10, PT","0","0","3"
"0x1000529dfc0","@P2   IADD3 R2, R2, -0x10, RZ","0","0","83"
"0x1000529dfd0","@P2   IADD3 R0, R0, 0x1, RZ","0","0","6"
"0x1000529dfe0","      IMAD.SHL.U32 R2, R2, 0x4, RZ","0","0","19"
"0x1000529dff0","      IMAD R3, R215, 0x80, R0","0","0","5"
"0x1000529e000","      IMAD R16, R213, 0x80, R2","0","0","8"
"0x1000529e010","      IMAD R0, R0, 0x44, R2","0","0","12"
"0x1000529e020","      IMAD R2, R3, 0x1000, R16","0","0","10"
"0x1000529e030","      IADD3 R18, R16, 0x4, RZ","0","0","0"
"0x1000529e040","      IMAD.SHL.U32 R0, R0, 0x4, RZ","0","0","0"
"0x1000529e050","      ISETP.GT.U32.AND P0, PT, R18, 0x1000, PT","0","0","25"
"0x1000529e060","      ISETP.LT.U32.AND P0, PT, R3, 0x1000, !P0","0","0","31"
"0x1000529e070","      IMAD.WIDE.U32 R2, R2, R17, c[0x0][0x170]","0","0","0"
"0x1000529e080","@P0   LDS.128 R12, [R0]","0","0","130"
"0x1000529e090","@P0   STG.E.128 [R2.64], R12","0","0","20"
"0x1000529e0a0","      ISETP.GE.U32.AND P0, PT, R182, 0x800, PT","0","0","0"
"0x1000529e0b0","@!P0  BRA 0x1000529df50","0","0","103"
"0x1000529e0c0","      BSYNC B0","0","0","40"
"0x1000529e0d0","      BAR.SYNC.DEFER_BLOCKING 0x0","0","0","1"
"0x1000529e0e0","@P1   BRA 0x1000529e190","0","0","2"
"0x1000529e0f0","      S2R R0, SR_LANEID","0","0","3"
"0x1000529e100","      WARPSYNC 0xffffffff","0","0","0"
"0x1000529e110","      SHF.R.U32.HI R2, RZ, 0x2, R0","0","0","0"
"0x1000529e120","      LOP3.LUT R3, R0, 0x3, RZ, 0xc0, !PT","0","0","0"
"0x1000529e130","      IMAD R2, R2, 0x22, R3","0","0","1"
"0x1000529e140","      IMAD.U32 R2, R2, 0x8, R211","0","0","1"
"0x1000529e150","      STS.64 [R2], R20","0","0","2"
"0x1000529e160","      STS.64 [R2+0x880], R22","0","0","1"
"0x1000529e170","      STS.64 [R2+0x20], R4","0","0","1"
"0x1000529e180","      STS.64 [R2+0x8a0], R6","0","0","2"
"0x1000529e190","@P1   BRA 0x1000529e250","0","0","0"
"0x1000529e1a0","      S2R R0, SR_LANEID","0","0","5"
"0x1000529e1b0","      WARPSYNC 0xffffffff","0","0","0"
"0x1000529e1c0","      SHF.R.U32.HI R2, RZ, 0x2, R0","0","0","0"
"0x1000529e1d0","      LOP3.LUT R3, R0, 0x3, RZ, 0xc0, !PT","0","0","1"
"0x1000529e1e0","      IADD3 R0, R211, 0x40, RZ","0","0","1"
"0x1000529e1f0","      IMAD R3, R2, 0x22, R3","0","0","0"
"0x1000529e200","      IMAD.U32 R0, R3, 0x8, R0","0","0","1"
"0x1000529e210","      STS.64 [R0], R24","0","0","2"
"0x1000529e220","      STS.64 [R0+0x880], R26","0","0","1"
"0x1000529e230","      STS.64 [R0+0x20], R28","0","0","1"
"0x1000529e240","      STS.64 [R0+0x8a0], R30","0","0","1"
"0x1000529e250","@P1   BRA 0x1000529e310","0","0","0"
"0x1000529e260","      S2R R0, SR_LANEID","0","0","1"
"0x1000529e270","      WARPSYNC 0xffffffff","0","0","0"
"0x1000529e280","      SHF.R.U32.HI R2, RZ, 0x2, R0","0","0","0"
"0x1000529e290","      LOP3.LUT R3, R0, 0x3, RZ, 0xc0, !PT","0","0","0"
"0x1000529e2a0","      IADD3 R0, R211, 0x80, RZ","0","0","1"
"0x1000529e2b0","      IMAD R3, R2, 0x22, R3","0","0","1"
"0x1000529e2c0","      IMAD.U32 R0, R3, 0x8, R0","0","0","3"
"0x1000529e2d0","      STS.64 [R0], R32","0","0","4"
"0x1000529e2e0","      STS.64 [R0+0x880], R34","0","0","0"
"0x1000529e2f0","      STS.64 [R0+0x20], R36","0","0","1"
"0x1000529e300","      STS.64 [R0+0x8a0], R38","0","0","1"
"0x1000529e310","@P1   BRA 0x1000529e3d0","0","0","0"
"0x1000529e320","      S2R R0, SR_LANEID","0","0","4"
"0x1000529e330","      WARPSYNC 0xffffffff","0","0","0"
"0x1000529e340","      SHF.R.U32.HI R2, RZ, 0x2, R0","0","0","0"
"0x1000529e350","      LOP3.LUT R3, R0, 0x3, RZ, 0xc0, !PT","0","0","0"
"0x1000529e360","      IADD3 R0, R211, 0xc0, RZ","0","0","1"
"0x1000529e370","      IMAD R3, R2, 0x22, R3","0","0","0"
"0x1000529e380","      IMAD.U32 R0, R3, 0x8, R0","0","0","2"
"0x1000529e390","      STS.64 [R0], R40","0","0","1"
"0x1000529e3a0","      STS.64 [R0+0x880], R42","0","0","0"
"0x1000529e3b0","      STS.64 [R0+0x20], R44","0","0","0"
"0x1000529e3c0","      STS.64 [R0+0x8a0], R46","0","0","1"
"0x1000529e3d0","@P1   BRA 0x1000529e490","0","0","0"
"0x1000529e3e0","      S2R R0, SR_LANEID","0","0","2"
"0x1000529e3f0","      WARPSYNC 0xffffffff","0","0","0"
"0x1000529e400","      SHF.R.U32.HI R2, RZ, 0x2, R0","0","0","0"
"0x1000529e410","      LOP3.LUT R3, R0, 0x3, RZ, 0xc0, !PT","0","0","0"
"0x1000529e420","      IADD3 R0, R211, 0x1100, RZ","0","0","0"
"0x1000529e430","      IMAD R3, R2, 0x22, R3","0","0","1"
"0x1000529e440","      IMAD.U32 R0, R3, 0x8, R0","0","0","4"
"0x1000529e450","      STS.64 [R0], R48","0","0","2"
"0x1000529e460","      STS.64 [R0+0x880], R50","0","0","2"
"0x1000529e470","      STS.64 [R0+0x20], R52","0","0","1"
"0x1000529e480","      STS.64 [R0+0x8a0], R54","0","0","0"
"0x1000529e490","@P1   BRA 0x1000529e550","0","0","0"
"0x1000529e4a0","      S2R R0, SR_LANEID","0","0","1"
"0x1000529e4b0","      WARPSYNC 0xffffffff","0","0","0"
"0x1000529e4c0","      SHF.R.U32.HI R2, RZ, 0x2, R0","0","0","0"
"0x1000529e4d0","      LOP3.LUT R3, R0, 0x3, RZ, 0xc0, !PT","0","0","1"
"0x1000529e4e0","      IADD3 R0, R211, 0x1140, RZ","0","0","0"
"0x1000529e4f0","      IMAD R3, R2, 0x22, R3","0","0","1"
"0x1000529e500","      IMAD.U32 R0, R3, 0x8, R0","0","0","1"
"0x1000529e510","      STS.64 [R0], R56","0","0","1"
"0x1000529e520","      STS.64 [R0+0x880], R58","0","0","0"
"0x1000529e530","      STS.64 [R0+0x20], R60","0","0","1"
"0x1000529e540","      STS.64 [R0+0x8a0], R62","0","0","2"
"0x1000529e550","@P1   BRA 0x1000529e610","0","0","1"
"0x1000529e560","      S2R R0, SR_LANEID","0","0","0"
"0x1000529e570","      WARPSYNC 0xffffffff","0","0","0"
"0x1000529e580","      SHF.R.U32.HI R2, RZ, 0x2, R0","0","0","0"
"0x1000529e590","      LOP3.LUT R3, R0, 0x3, RZ, 0xc0, !PT","0","0","0"
"0x1000529e5a0","      IADD3 R0, R211, 0x1180, RZ","0","0","1"
"0x1000529e5b0","      IMAD R3, R2, 0x22, R3","0","0","0"
"0x1000529e5c0","      IMAD.U32 R0, R3, 0x8, R0","0","0","0"
"0x1000529e5d0","      STS.64 [R0], R64","0","0","1"
"0x1000529e5e0","      STS.64 [R0+0x880], R66","0","0","1"
"0x1000529e5f0","      STS.64 [R0+0x20], R68","0","0","1"
"0x1000529e600","      STS.64 [R0+0x8a0], R70","0","0","0"
"0x1000529e610","@P1   BRA 0x1000529e6d0","0","0","0"
"0x1000529e620","      S2R R0, SR_LANEID","0","0","1"
"0x1000529e630","      WARPSYNC 0xffffffff","0","0","0"
"0x1000529e640","      SHF.R.U32.HI R2, RZ, 0x2, R0","0","0","0"
"0x1000529e650","      LOP3.LUT R3, R0, 0x3, RZ, 0xc0, !PT","0","0","0"
"0x1000529e660","      IADD3 R0, R211, 0x11c0, RZ","0","0","0"
"0x1000529e670","      IMAD R3, R2, 0x22, R3","0","0","0"
"0x1000529e680","      IMAD.U32 R0, R3, 0x8, R0","0","0","1"
"0x1000529e690","      STS.64 [R0], R72","0","0","1"
"0x1000529e6a0","      STS.64 [R0+0x880], R74","0","0","1"
"0x1000529e6b0","      STS.64 [R0+0x20], R76","0","0","2"
"0x1000529e6c0","      STS.64 [R0+0x8a0], R78","0","0","1"
"0x1000529e6d0","@P1   BRA 0x1000529e790","0","0","0"
"0x1000529e6e0","      S2R R0, SR_LANEID","0","0","2"
"0x1000529e6f0","      WARPSYNC 0xffffffff","0","0","0"
"0x1000529e700","      SHF.R.U32.HI R2, RZ, 0x2, R0","0","0","0"
"0x1000529e710","      LOP3.LUT R3, R0, 0x3, RZ, 0xc0, !PT","0","0","0"
"0x1000529e720","      IADD3 R0, R211, 0x2200, RZ","0","0","1"
"0x1000529e730","      IMAD R3, R2, 0x22, R3","0","0","0"
"0x1000529e740","      IMAD.U32 R0, R3, 0x8, R0","0","0","1"
"0x1000529e750","      STS.64 [R0], R80","0","0","1"
"0x1000529e760","      STS.64 [R0+0x880], R82","0","0","0"
"0x1000529e770","      STS.64 [R0+0x20], R84","0","0","2"
"0x1000529e780","      STS.64 [R0+0x8a0], R86","0","0","2"
"0x1000529e790","@P1   BRA 0x1000529e850","0","0","0"
"0x1000529e7a0","      S2R R0, SR_LANEID","0","0","1"
"0x1000529e7b0","      WARPSYNC 0xffffffff","0","0","0"
"0x1000529e7c0","      SHF.R.U32.HI R2, RZ, 0x2, R0","0","1","0"
"0x1000529e7d0","      LOP3.LUT R3, R0, 0x3, RZ, 0xc0, !PT","0","0","0"
"0x1000529e7e0","      IADD3 R0, R211, 0x2240, RZ","0","0","0"
"0x1000529e7f0","      IMAD R3, R2, 0x22, R3","0","0","0"
"0x1000529e800","      IMAD.U32 R0, R3, 0x8, R0","0","0","2"
"0x1000529e810","      STS.64 [R0], R88","0","0","3"
"0x1000529e820","      STS.64 [R0+0x880], R90","0","0","2"
"0x1000529e830","      STS.64 [R0+0x20], R92","0","0","1"
"0x1000529e840","      STS.64 [R0+0x8a0], R94","0","0","1"
"0x1000529e850","@P1   BRA 0x1000529e910","0","0","1"
"0x1000529e860","      S2R R0, SR_LANEID","0","0","2"
"0x1000529e870","      WARPSYNC 0xffffffff","0","0","0"
"0x1000529e880","      SHF.R.U32.HI R2, RZ, 0x2, R0","0","0","0"
"0x1000529e890","      LOP3.LUT R3, R0, 0x3, RZ, 0xc0, !PT","0","0","1"
"0x1000529e8a0","      IADD3 R0, R211, 0x2280, RZ","0","0","1"
"0x1000529e8b0","      IMAD R3, R2, 0x22, R3","0","0","1"
"0x1000529e8c0","      IMAD.U32 R0, R3, 0x8, R0","0","0","1"
"0x1000529e8d0","      STS.64 [R0], R96","0","0","1"
"0x1000529e8e0","      STS.64 [R0+0x880], R98","0","0","0"
"0x1000529e8f0","      STS.64 [R0+0x20], R100","0","0","2"
"0x1000529e900","      STS.64 [R0+0x8a0], R102","0","0","1"
"0x1000529e910","@P1   BRA 0x1000529e9d0","0","0","0"
"0x1000529e920","      S2R R0, SR_LANEID","0","0","1"
"0x1000529e930","      WARPSYNC 0xffffffff","0","0","0"
"0x1000529e940","      SHF.R.U32.HI R2, RZ, 0x2, R0","0","0","0"
"0x1000529e950","      LOP3.LUT R3, R0, 0x3, RZ, 0xc0, !PT","0","0","0"
"0x1000529e960","      IADD3 R0, R211, 0x22c0, RZ","0","0","0"
"0x1000529e970","      IMAD R3, R2, 0x22, R3","0","1","1"
"0x1000529e980","      IMAD.U32 R0, R3, 0x8, R0","0","0","0"
"0x1000529e990","      STS.64 [R0], R104","0","0","1"
"0x1000529e9a0","      STS.64 [R0+0x880], R106","0","0","2"
"0x1000529e9b0","      STS.64 [R0+0x20], R8","0","0","0"
"0x1000529e9c0","      STS.64 [R0+0x8a0], R10","0","0","1"
"0x1000529e9d0","@P1   BRA 0x1000529ea90","0","0","1"
"0x1000529e9e0","      S2R R0, SR_LANEID","0","0","4"
"0x1000529e9f0","      WARPSYNC 0xffffffff","0","0","0"
"0x1000529ea00","      SHF.R.U32.HI R2, RZ, 0x2, R0","0","0","0"
"0x1000529ea10","      LOP3.LUT R3, R0, 0x3, RZ, 0xc0, !PT","0","0","0"
"0x1000529ea20","      IADD3 R0, R211, 0x3300, RZ","0","0","1"
"0x1000529ea30","      IMAD R3, R2, 0x22, R3","0","0","0"
"0x1000529ea40","      IMAD.U32 R0, R3, 0x8, R0","0","0","1"
"0x1000529ea50","      STS.64 [R0], R108","0","0","1"
"0x1000529ea60","      STS.64 [R0+0x880], R110","0","0","2"
"0x1000529ea70","      STS.64 [R0+0x20], R112","0","0","0"
"0x1000529ea80","      STS.64 [R0+0x8a0], R114","0","0","0"
"0x1000529ea90","@P1   BRA 0x1000529eb50","0","0","1"
"0x1000529eaa0","      S2R R0, SR_LANEID","0","0","0"
"0x1000529eab0","      WARPSYNC 0xffffffff","0","0","0"
"0x1000529eac0","      SHF.R.U32.HI R2, RZ, 0x2, R0","0","0","0"
"0x1000529ead0","      LOP3.LUT R3, R0, 0x3, RZ, 0xc0, !PT","0","0","1"
"0x1000529eae0","      IADD3 R0, R211, 0x3340, RZ","0","0","0"
"0x1000529eaf0","      IMAD R3, R2, 0x22, R3","0","0","1"
"0x1000529eb00","      IMAD.U32 R0, R3, 0x8, R0","0","0","0"
"0x1000529eb10","      STS.64 [R0], R116","0","0","2"
"0x1000529eb20","      STS.64 [R0+0x880], R118","0","0","0"
"0x1000529eb30","      STS.64 [R0+0x20], R120","0","0","0"
"0x1000529eb40","      STS.64 [R0+0x8a0], R122","0","0","3"
"0x1000529eb50","@P1   BRA 0x1000529ec10","0","0","1"
"0x1000529eb60","      S2R R0, SR_LANEID","0","0","1"
"0x1000529eb70","      WARPSYNC 0xffffffff","0","0","0"
"0x1000529eb80","      SHF.R.U32.HI R2, RZ, 0x2, R0","0","0","0"
"0x1000529eb90","      LOP3.LUT R3, R0, 0x3, RZ, 0xc0, !PT","0","0","1"
"0x1000529eba0","      IADD3 R0, R211, 0x3380, RZ","0","0","1"
"0x1000529ebb0","      IMAD R3, R2, 0x22, R3","0","0","2"
"0x1000529ebc0","      IMAD.U32 R0, R3, 0x8, R0","0","0","0"
"0x1000529ebd0","      STS.64 [R0], R124","0","0","2"
"0x1000529ebe0","      STS.64 [R0+0x880], R126","0","0","0"
"0x1000529ebf0","      STS.64 [R0+0x20], R128","0","0","1"
"0x1000529ec00","      STS.64 [R0+0x8a0], R130","0","0","0"
"0x1000529ec10","@P1   BRA 0x1000529ecd0","0","0","0"
"0x1000529ec20","      S2R R0, SR_LANEID","0","0","1"
"0x1000529ec30","      IADD3 R211, R211, 0x33c0, RZ","0","0","0"
"0x1000529ec40","      WARPSYNC 0xffffffff","0","0","0"
"0x1000529ec50","      SHF.R.U32.HI R2, RZ, 0x2, R0","0","0","0"
"0x1000529ec60","      LOP3.LUT R3, R0, 0x3, RZ, 0xc0, !PT","0","0","0"
"0x1000529ec70","      IMAD R2, R2, 0x22, R3","0","0","1"
"0x1000529ec80","      IMAD.U32 R2, R2, 0x8, R211","0","0","0"
"0x1000529ec90","      STS.64 [R2], R132","0","0","1"
"0x1000529eca0","      STS.64 [R2+0x880], R134","0","0","0"
"0x1000529ecb0","      STS.64 [R2+0x20], R136","0","0","1"
"0x1000529ecc0","      STS.64 [R2+0x8a0], R138","0","0","0"
"0x1000529ecd0","      WARPSYNC 0xffffffff","0","0","0"
"0x1000529ece0","      S2R R0, SR_TID.X","0","0","0"
"0x1000529ecf0","      BSSY B0, 0x1000529ef40","0","0","0"
"0x1000529ed00","      LEA R213, R213, 0x40, 0x7","0","0","0"
"0x1000529ed10","      BAR.SYNC.DEFER_BLOCKING 0x0","0","0","0"
"0x1000529ed20","      ISETP.GE.U32.AND P0, PT, R0, 0x800, PT","0","0","0"
"0x1000529ed30","@P0   BRA 0x1000529ef30","0","0","1"
"0x1000529ed40","      I2F.U32.RP R4, 0x10","0","0","4"
"0x1000529ed50","      IMAD.MOV.U32 R13, RZ, RZ, 0x4","0","0","0"
"0x1000529ed60","      MUFU.RCP R4, R4","0","0","4"
"0x1000529ed70","      IADD3 R2, R4, 0xffffffe, RZ","0","0","1"
"0x1000529ed80","      F2I.FTZ.U32.TRUNC.NTZ R3, R2","0","0","1"
"0x1000529ed90","      IMAD.MOV.U32 R2, RZ, RZ, RZ","0","0","0"
"0x1000529eda0","      IMAD.U32 R5, R3, -0x10, RZ","0","0","0"
"0x1000529edb0","      IMAD.HI.U32 R11, R3, R5, R2","0","0","3"
"0x1000529edc0","      IMAD.HI.U32 R2, R11, R0, RZ","75","0","5"
"0x1000529edd0","      IMAD R3, R2, -0x10, R0","0","0","45"
"0x1000529ede0","      IADD3 R0, R0, 0x80, RZ","0","0","0"
"0x1000529edf0","      ISETP.GE.U32.AND P0, PT, R3, 0x10, PT","0","0","21"
"0x1000529ee00","@P0   IADD3 R3, R3, -0x10, RZ","0","0","116"
"0x1000529ee10","@P0   IADD3 R2, R2, 0x1, RZ","0","0","13"
"0x1000529ee20","      ISETP.GE.U32.AND P1, PT, R3, 0x10, PT","0","0","9"
"0x1000529ee30","@P1   IADD3 R3, R3, -0x10, RZ","0","1","97"
"0x1000529ee40","@P1   IADD3 R2, R2, 0x1, RZ","0","0","6"
"0x1000529ee50","      IMAD.SHL.U32 R3, R3, 0x4, RZ","0","0","22"
"0x1000529ee60","      IMAD R8, R215, 0x80, R2","0","0","14"
"0x1000529ee70","      IMAD.IADD R9, R213, 0x1, R3","0","0","10"
"0x1000529ee80","      IMAD R2, R2, 0x44, R3","0","0","11"
"0x1000529ee90","      IADD3 R10, R9, 0x4, RZ","0","1","15"
"0x1000529eea0","      ISETP.GT.U32.AND P0, PT, R10, 0x1000, PT","0","1","34"
"0x1000529eeb0","      IMAD.SHL.U32 R10, R2, 0x4, RZ","0","0","0"
"0x1000529eec0","      IMAD R2, R8, 0x1000, R9","0","2","8"
"0x1000529eed0","      ISETP.LT.U32.AND P0, PT, R8, 0x1000, !P0","0","0","0"
"0x1000529eee0","      IMAD.WIDE.U32 R2, R2, R13, c[0x0][0x170]","0","2","17"
"0x1000529eef0","@P0   LDS.128 R4, [R10]","0","0","133"
"0x1000529ef00","@P0   STG.E.128 [R2.64], R4","0","0","23"
"0x1000529ef10","      ISETP.GE.U32.AND P0, PT, R0, 0x800, PT","0","0","0"
"0x1000529ef20","@!P0  BRA 0x1000529edc0","0","0","104"
"0x1000529ef30","      BSYNC B0","0","0","33"
"0x1000529ef40","      BAR.SYNC.DEFER_BLOCKING 0x0","0","0","0"
"0x1000529ef50","      EXIT","0","0","3"
"0x1000529ef60","      BRA `(.L_x_0) 0x1000529ef60","0","0","2"
"0x1000529ef70","      NOP","0","0","0"
"0x1000529ef80","      NOP","0","0","0"
"0x1000529ef90","      NOP","0","0","0"
"0x1000529efa0","      NOP","0","0","0"
"0x1000529efb0","      NOP","0","0","0"
"0x1000529efc0","      NOP","0","0","0"
"0x1000529efd0","      NOP","0","0","0"
"0x1000529efe0","      NOP","0","0","0"
"0x1000529eff0","      NOP","0","0","0"
